{
  "project_info": {
    "project_number": "598378823377",
    "project_id": "newapk-91046",
    "storage_bucket": "newapk-91046.appspot.com"
  },
  "client": [
    {
      "client_info": {
        "mobilesdk_app_id": "1:598378823377:android:e35b8162f6127b17f84ff0",
        "android_client_info": {
          "package_name": "com.example.newapk"
        }
      },
      "oauth_client": [
        {
          "client_id": "598378823377-t7cac6gms7in9lde2utgi6e0qo0gejnn.apps.googleusercontent.com",
          "client_type": 3
        }
      ],
      "api_key": [
        {
          "current_key": "AIzaSyC399OAaplfoVwcvNVqplSSh7e8LDMc19I"
        }
      ],
      "services": {
        "appinvite_service": {
          "other_platform_oauth_client": [
            {
              "client_id": "598378823377-t7cac6gms7in9lde2utgi6e0qo0gejnn.apps.googleusercontent.com",
              "client_type": 3
            }
          ]
        }
      }
    }
  ],
  "configuration_version": "1"
}